[
  {
    "model": "auth.user",
    "pk": 1,
    "fields": {
      "password": "pbkdf2_sha256$216000$UYgc5pNPkGCw$E9V0nGFB9ZKEz07AYcAyXtOYKrkfI5cslKCR+gIDAxo=",
      "last_login": "2021-06-17T08:55:10.381Z",
      "is_superuser": false,
      "username": "alex",
      "first_name": "",
      "last_name": "",
      "email": "a@gmail.com",
      "is_staff": false,
      "is_active": true,
      "date_joined": "2021-05-18T23:39:29.294Z",
      "groups": [],
      "user_permissions": []
    }
  },
  {
    "model": "films.genre",
    "pk": 1,
    "fields": {
      "name": "приключения"
    }
  },
  {
    "model": "films.genre",
    "pk": 2,
    "fields": {
      "name": "биографический"
    }
  },
  {
    "model": "films.genre",
    "pk": 3,
    "fields": {
      "name": "эротика"
    }
  },
  {
    "model": "films.genre",
    "pk": 4,
    "fields": {
      "name": "фэнтези"
    }
  },
  {
    "model": "films.genre",
    "pk": 5,
    "fields": {
      "name": "ужасы"
    }
  },
  {
    "model": "films.genre",
    "pk": 6,
    "fields": {
      "name": "детский"
    }
  },
  {
    "model": "films.genre",
    "pk": 7,
    "fields": {
      "name": "исторический"
    }
  },
  {
    "model": "films.genre",
    "pk": 8,
    "fields": {
      "name": "драма"
    }
  },
  {
    "model": "films.genre",
    "pk": 9,
    "fields": {
      "name": "семейный"
    }
  },
  {
    "model": "films.genre",
    "pk": 10,
    "fields": {
      "name": "мюзикл"
    }
  },
  {
    "model": "films.genre",
    "pk": 11,
    "fields": {
      "name": "военный"
    }
  },
  {
    "model": "films.genre",
    "pk": 12,
    "fields": {
      "name": "комедия"
    }
  },
  {
    "model": "films.genre",
    "pk": 13,
    "fields": {
      "name": "детектив"
    }
  },
  {
    "model": "films.genre",
    "pk": 14,
    "fields": {
      "name": "боевик"
    }
  },
  {
    "model": "films.genre",
    "pk": 15,
    "fields": {
      "name": "мультфильм"
    }
  },
  {
    "model": "films.genre",
    "pk": 16,
    "fields": {
      "name": "криминал"
    }
  },
  {
    "model": "films.genre",
    "pk": 17,
    "fields": {
      "name": "фантастика"
    }
  },
  {
    "model": "films.genre",
    "pk": 18,
    "fields": {
      "name": "кинокомикс"
    }
  },
  {
    "model": "films.genre",
    "pk": 19,
    "fields": {
      "name": "спорт"
    }
  },
  {
    "model": "films.genre",
    "pk": 20,
    "fields": {
      "name": "триллер"
    }
  },
  {
    "model": "films.film",
    "pk": 1,
    "fields": {
      "name": "Доктор Лиза",
      "image": "https://www.kinonews.ru//insimgs/2020/poster/poster92996_1_p.jpg",
      "link": "https://www.kinonews.ru//movie_276638/doktor-liza",
      "rating": 8.94,
      "genres": [
        2,
        8
      ]
    }
  },
  {
    "model": "films.film",
    "pk": 2,
    "fields": {
      "name": "Душа",
      "image": "https://www.kinonews.ru//insimgs/2020/poster/poster92748_1_p.jpg",
      "link": "https://www.kinonews.ru//movie_278004/soul",
      "rating": 8.47,
      "genres": [
        1,
        4,
        6,
        9,
        12,
        15
      ]
    }
  },
  {
    "model": "films.film",
    "pk": 3,
    "fields": {
      "name": "Лига справедливости Зака Снайдера",
      "image": "https://www.kinonews.ru//insimgs/2021/poster/poster98665_1_p.jpg",
      "link": "https://www.kinonews.ru//movie_287729/zack-snyders-justice-league",
      "rating": 8.45,
      "genres": [
        1,
        4,
        14,
        17,
        18
      ]
    }
  },
  {
    "model": "films.film",
    "pk": 4,
    "fields": {
      "name": "Отец",
      "image": "https://www.kinonews.ru//insimgs/2020/poster/poster93414_1_p.jpg",
      "link": "https://www.kinonews.ru//movie_280473/the-father",
      "rating": 8.4,
      "genres": [
        8,
        12
      ]
    }
  },
  {
    "model": "films.film",
    "pk": 5,
    "fields": {
      "name": "Комната",
      "image": "https://www.kinonews.ru//insimgs/2020/poster/poster94246_1_p.jpg",
      "link": "https://www.kinonews.ru//movie_213307/room",
      "rating": 8.16,
      "genres": [
        8,
        20
      ]
    }
  },
  {
    "model": "films.film",
    "pk": 6,
    "fields": {
      "name": "Серебряные коньки",
      "image": "https://www.kinonews.ru//insimgs/2020/poster/poster97095_1_p.jpg",
      "link": "https://www.kinonews.ru//movie_275215/serebryanye-konki",
      "rating": 7.91,
      "genres": [
        1,
        7,
        8
      ]
    }
  },
  {
    "model": "films.film",
    "pk": 7,
    "fields": {
      "name": "Еще по одной",
      "image": "https://www.kinonews.ru//insimgs/2020/poster/poster94122_2_p.jpg",
      "link": "https://www.kinonews.ru//movie_277770/druk",
      "rating": 7.86,
      "genres": [
        8
      ]
    }
  },
  {
    "model": "films.film",
    "pk": 8,
    "fields": {
      "name": "Довод",
      "image": "https://www.kinonews.ru//insimgs/2020/poster/poster94829_6_p.jpg",
      "link": "https://www.kinonews.ru//movie_277327/tenet",
      "rating": 7.81,
      "genres": [
        14,
        16,
        17,
        20
      ]
    }
  },
  {
    "model": "films.film",
    "pk": 9,
    "fields": {
      "name": "Никто",
      "image": "https://www.kinonews.ru//insimgs/2020/poster/poster97261_1_p.jpg",
      "link": "https://www.kinonews.ru//movie_284169/nobody",
      "rating": 7.8,
      "genres": [
        14,
        16,
        20
      ]
    }
  },
  {
    "model": "films.film",
    "pk": 10,
    "fields": {
      "name": "Основатель",
      "image": "https://www.kinonews.ru//insimgs/2020/poster/poster93512_1_p.jpg",
      "link": "https://www.kinonews.ru//movie_213803/the-founder",
      "rating": 7.67,
      "genres": [
        2,
        7,
        8
      ]
    }
  },
  {
    "model": "films.film",
    "pk": 11,
    "fields": {
      "name": "На острие",
      "image": "https://www.kinonews.ru//insimgs/2020/poster/poster91924_1_p.jpg",
      "link": "https://www.kinonews.ru//movie_280894/na-ostrie",
      "rating": 7.62,
      "genres": [
        8,
        19
      ]
    }
  },
  {
    "model": "films.film",
    "pk": 12,
    "fields": {
      "name": "День курка",
      "image": "https://www.kinonews.ru//insimgs/2021/poster/poster98264_1_p.jpg",
      "link": "https://www.kinonews.ru//movie_265540/boss-level",
      "rating": 7.56,
      "genres": [
        14,
        17,
        20
      ]
    }
  },
  {
    "model": "films.film",
    "pk": 13,
    "fields": {
      "name": "Последний богатырь 2: Корень зла",
      "image": "https://www.kinonews.ru//insimgs/2020/poster/poster91741_1_p.jpg",
      "link": "https://www.kinonews.ru//movie_276145/poslednij-bogatyr-koren-zla",
      "rating": 7.33,
      "genres": [
        1,
        4,
        6,
        9
      ]
    }
  },
  {
    "model": "films.film",
    "pk": 14,
    "fields": {
      "name": "Райя и последний дракон",
      "image": "https://www.kinonews.ru//insimgs/2021/poster/poster98186_1_p.jpg",
      "link": "https://www.kinonews.ru//movie_279439/raya-and-the-last-dragon",
      "rating": 7.3,
      "genres": [
        1,
        4,
        9,
        10,
        12,
        14,
        15
      ]
    }
  },
  {
    "model": "films.film",
    "pk": 15,
    "fields": {
      "name": "Огонь",
      "image": "https://www.kinonews.ru//insimgs/2020/poster/poster97096_1_p.jpg",
      "link": "https://www.kinonews.ru//movie_272818/ogon",
      "rating": 7.23,
      "genres": [
        1,
        8
      ]
    }
  },
  {
    "model": "films.film",
    "pk": 16,
    "fields": {
      "name": "Мой создатель",
      "image": "https://www.kinonews.ru//insimgs/2020/poster/poster93326_1_p.jpg",
      "link": "https://www.kinonews.ru//movie_279274/archive",
      "rating": 7.14,
      "genres": [
        17
      ]
    }
  },
  {
    "model": "films.film",
    "pk": 17,
    "fields": {
      "name": "Годзилла против Конга",
      "image": "https://www.kinonews.ru//insimgs/2021/poster/poster98591_4_p.jpg",
      "link": "https://www.kinonews.ru//movie_228647/godzilla-vs-kong",
      "rating": 7.11,
      "genres": [
        1,
        14,
        17,
        20
      ]
    }
  },
  {
    "model": "films.film",
    "pk": 18,
    "fields": {
      "name": "Земля кочевников",
      "image": "https://www.kinonews.ru//insimgs/2021/poster/poster98101_1_p.jpg",
      "link": "https://www.kinonews.ru//movie_302253/nomadland",
      "rating": 7.04,
      "genres": [
        8
      ]
    }
  },
  {
    "model": "films.film",
    "pk": 19,
    "fields": {
      "name": "Подольские курсанты",
      "image": "https://www.kinonews.ru//insimgs/2020/poster/poster93041_1_p.jpg",
      "link": "https://www.kinonews.ru//movie_268098/ilinskiy-rubezh",
      "rating": 7.0,
      "genres": [
        7,
        8,
        11
      ]
    }
  },
  {
    "model": "films.film",
    "pk": 20,
    "fields": {
      "name": "Огонек-Огниво",
      "image": "https://www.kinonews.ru//insimgs/2020/poster/poster93100_1_p.jpg",
      "link": "https://www.kinonews.ru//movie_286911/ogonek-ognivo",
      "rating": 6.91,
      "genres": [
        15
      ]
    }
  },
  {
    "model": "films.film",
    "pk": 21,
    "fields": {
      "name": "Страна грез",
      "image": "https://www.kinonews.ru//insimgs/2020/poster/poster96936_1_p.jpg",
      "link": "https://www.kinonews.ru//movie_261244/dreamland",
      "rating": 6.8,
      "genres": [
        8,
        20
      ]
    }
  },
  {
    "model": "films.film",
    "pk": 22,
    "fields": {
      "name": "Мортал Комбат",
      "image": "https://www.kinonews.ru//insimgs/2021/poster/poster98298_1_p.jpg",
      "link": "https://www.kinonews.ru//movie_111063/mortal-kombat",
      "rating": 6.77,
      "genres": [
        1,
        4,
        14,
        17,
        20
      ]
    }
  },
  {
    "model": "films.film",
    "pk": 23,
    "fields": {
      "name": "Аферистка",
      "image": "https://www.kinonews.ru//insimgs/2021/poster/poster97894_1_p.jpg",
      "link": "https://www.kinonews.ru//movie_296752/i-care-a-lot",
      "rating": 6.74,
      "genres": [
        12,
        16,
        20
      ]
    }
  },
  {
    "model": "films.film",
    "pk": 24,
    "fields": {
      "name": "Падение",
      "image": "https://www.kinonews.ru//insimgs/2020/poster/poster95363_1_p.jpg",
      "link": "https://www.kinonews.ru//movie_287972/falling",
      "rating": 6.67,
      "genres": [
        8
      ]
    }
  },
  {
    "model": "films.film",
    "pk": 25,
    "fields": {
      "name": "Глубже!",
      "image": "https://www.kinonews.ru//insimgs/2020/poster/poster95831_1_p.jpg",
      "link": "https://www.kinonews.ru//movie_273059/glubzhe",
      "rating": 6.63,
      "genres": [
        3,
        12
      ]
    }
  },
  {
    "model": "films.film",
    "pk": 26,
    "fields": {
      "name": "Майор Гром: Чумной Доктор",
      "image": "https://www.kinonews.ru//insimgs/2020/poster/poster95990_1_p.jpg",
      "link": "https://www.kinonews.ru//movie_261247/mayor-grom-chumnoy-doktor",
      "rating": 6.56,
      "genres": [
        1,
        8,
        14,
        18
      ]
    }
  },
  {
    "model": "films.film",
    "pk": 27,
    "fields": {
      "name": "Гренландия",
      "image": "https://www.kinonews.ru//insimgs/2020/poster/poster93949_1_p.jpg",
      "link": "https://www.kinonews.ru//movie_284763/greenland",
      "rating": 6.53,
      "genres": [
        14
      ]
    }
  },
  {
    "model": "films.film",
    "pk": 28,
    "fields": {
      "name": "Дичь",
      "image": "https://www.kinonews.ru//insimgs/2020/poster/poster95482_3_p.jpg",
      "link": "https://www.kinonews.ru//movie_299126/freaky",
      "rating": 6.43,
      "genres": [
        5,
        12,
        20
      ]
    }
  },
  {
    "model": "films.film",
    "pk": 29,
    "fields": {
      "name": "Пугало",
      "image": "https://www.kinonews.ru//insimgs/2020/poster/poster96330_1_p.jpg",
      "link": "https://www.kinonews.ru//movie_302254/pugalo",
      "rating": 6.36,
      "genres": [
        8
      ]
    }
  },
  {
    "model": "films.film",
    "pk": 30,
    "fields": {
      "name": "Девушка, подающая надежды",
      "image": "https://www.kinonews.ru//insimgs/2020/poster/poster96700_1_p.jpg",
      "link": "https://www.kinonews.ru//movie_282871/promising-young-woman",
      "rating": 6.33,
      "genres": [
        8,
        12,
        16,
        20
      ]
    }
  },
  {
    "model": "films.film",
    "pk": 31,
    "fields": {
      "name": "В ожидании варваров",
      "image": "https://www.kinonews.ru//insimgs/2020/poster/poster94156_1_p.jpg",
      "link": "https://www.kinonews.ru//movie_271013/waiting-for-the-barbarians",
      "rating": 6.31,
      "genres": [
        7,
        8
      ]
    }
  },
  {
    "model": "films.film",
    "pk": 32,
    "fields": {
      "name": "Только Бог простит",
      "image": "https://www.kinonews.ru//insimgs/poster/poster33005_2_p.jpg",
      "link": "https://www.kinonews.ru//movie_100143/only-god-forgives",
      "rating": 6.3,
      "genres": [
        8,
        16,
        20
      ]
    }
  },
  {
    "model": "films.film",
    "pk": 33,
    "fields": {
      "name": "Охота на Санту",
      "image": "https://www.kinonews.ru//insimgs/2020/poster/poster96591_1_p.jpg",
      "link": "https://www.kinonews.ru//movie_289496/fatman",
      "rating": 6.29,
      "genres": [
        4,
        12,
        14
      ]
    }
  },
  {
    "model": "films.film",
    "pk": 34,
    "fields": {
      "name": "Дьявол в деталях",
      "image": "https://www.kinonews.ru//insimgs/2021/poster/poster97658_1_p.jpg",
      "link": "https://www.kinonews.ru//movie_279141/little-things",
      "rating": 6.13,
      "genres": [
        8,
        16,
        20
      ]
    }
  },
  {
    "model": "films.film",
    "pk": 35,
    "fields": {
      "name": "Семейка Крудс 2: Новоселье",
      "image": "https://www.kinonews.ru//insimgs/2020/poster/poster95677_1_p.jpg",
      "link": "https://www.kinonews.ru//movie_183526/the-croods-2",
      "rating": 6.05,
      "genres": [
        1,
        4,
        9,
        12,
        15
      ]
    }
  },
  {
    "model": "films.film",
    "pk": 36,
    "fields": {
      "name": "Дорогие товарищи!",
      "image": "https://www.kinonews.ru//insimgs/2020/poster/poster96040_1_p.jpg",
      "link": "https://www.kinonews.ru//movie_280540/dorogie-tovarishchi",
      "rating": 6.0,
      "genres": [
        7,
        8
      ]
    }
  },
  {
    "model": "films.film",
    "pk": 37,
    "fields": {
      "name": "Чудо-женщина 2: 1984",
      "image": "https://www.kinonews.ru//insimgs/2021/poster/poster97654_1_p.jpg",
      "link": "https://www.kinonews.ru//movie_260132/wonder-woman-2",
      "rating": 5.75,
      "genres": [
        1,
        4,
        14,
        18
      ]
    }
  },
  {
    "model": "films.film",
    "pk": 38,
    "fields": {
      "name": "Неистовый",
      "image": "https://www.kinonews.ru//insimgs/2020/poster/poster94152_1_p.jpg",
      "link": "https://www.kinonews.ru//movie_287014/unhinged",
      "rating": 5.5,
      "genres": [
        20
      ]
    }
  },
  {
    "model": "films.film",
    "pk": 39,
    "fields": {
      "name": "Том и Джерри",
      "image": "https://www.kinonews.ru//insimgs/2020/poster/poster97443_1_p.jpg",
      "link": "https://www.kinonews.ru//movie_275965/tom-and-jerry",
      "rating": 5.44,
      "genres": [
        1,
        6,
        9,
        12
      ]
    }
  },
  {
    "model": "films.film",
    "pk": 40,
    "fields": {
      "name": "Новые мутанты",
      "image": "https://www.kinonews.ru//insimgs/2020/poster/poster92296_1_p.jpg",
      "link": "https://www.kinonews.ru//movie_230994/x-men-the-new-mutants",
      "rating": 5.32,
      "genres": [
        5,
        14,
        17,
        18
      ]
    }
  },
  {
    "model": "films.film",
    "pk": 41,
    "fields": {
      "name": "Поезд в Пусан 2: Полуостров",
      "image": "https://www.kinonews.ru//insimgs/2020/poster/poster94923_1_p.jpg",
      "link": "https://www.kinonews.ru//movie_285066/bando",
      "rating": 5.23,
      "genres": [
        5,
        14,
        20
      ]
    }
  },
  {
    "model": "films.film",
    "pk": 42,
    "fields": {
      "name": "Дедушка НЕлегкого поведения",
      "image": "https://www.kinonews.ru//insimgs/2020/poster/poster94862_1_p.jpg",
      "link": "https://www.kinonews.ru//movie_255002/war-with-grandpa",
      "rating": 5.0,
      "genres": [
        8,
        9,
        12
      ]
    }
  },
  {
    "model": "films.film",
    "pk": 43,
    "fields": {
      "name": "Охотник на монстров",
      "image": "https://www.kinonews.ru//insimgs/2021/poster/poster97777_1_p.jpg",
      "link": "https://www.kinonews.ru//movie_270041/monster-hunter",
      "rating": 4.93,
      "genres": [
        1,
        4,
        14
      ]
    }
  },
  {
    "model": "films.film",
    "pk": 44,
    "fields": {
      "name": "Ведьмы",
      "image": "https://www.kinonews.ru//insimgs/2020/poster/poster95967_1_p.jpg",
      "link": "https://www.kinonews.ru//movie_273644/the-witches",
      "rating": 4.89,
      "genres": [
        1,
        4,
        9,
        12,
        13
      ]
    }
  },
  {
    "model": "films.film",
    "pk": 45,
    "fields": {
      "name": "Конек-Горбунок",
      "image": "https://www.kinonews.ru//insimgs/2020/poster/poster97552_1_p.jpg",
      "link": "https://www.kinonews.ru//movie_258429/konek-gorbunok",
      "rating": 4.71,
      "genres": [
        1,
        6,
        9
      ]
    }
  },
  {
    "model": "films.film",
    "pk": 46,
    "fields": {
      "name": "Мулан",
      "image": "https://www.kinonews.ru//insimgs/2020/poster/poster94876_1_p.jpg",
      "link": "https://www.kinonews.ru//movie_250024/mulan",
      "rating": 4.62,
      "genres": [
        1,
        8,
        9,
        14
      ]
    }
  },
  {
    "model": "films.film",
    "pk": 47,
    "fields": {
      "name": "Агент Ева",
      "image": "https://www.kinonews.ru//insimgs/2020/poster/poster94180_1_p.jpg",
      "link": "https://www.kinonews.ru//movie_286246/ava",
      "rating": 4.46,
      "genres": [
        8,
        13,
        14,
        16,
        20
      ]
    }
  },
  {
    "model": "films.film",
    "pk": 48,
    "fields": {
      "name": "Поступь хаоса",
      "image": "https://www.kinonews.ru//insimgs/2020/poster/poster96829_1_p.jpg",
      "link": "https://www.kinonews.ru//movie_249409/chaos-walking",
      "rating": 4.44,
      "genres": [
        1,
        17
      ]
    }
  },
  {
    "model": "films.film",
    "pk": 49,
    "fields": {
      "name": "Выбивая долги",
      "image": "https://www.kinonews.ru//insimgs/2020/poster/poster95788_1_p.jpg",
      "link": "https://www.kinonews.ru//movie_267974/the-tax-collector",
      "rating": 3.8,
      "genres": [
        8,
        14,
        16,
        20
      ]
    }
  },
  {
    "model": "films.film",
    "pk": 50,
    "fields": {
      "name": "Воздушный бой",
      "image": "https://www.kinonews.ru//insimgs/2021/poster/poster98292_1_p.jpg",
      "link": "https://www.kinonews.ru//movie_292782/shadow-in-the-cloud",
      "rating": 3.67,
      "genres": [
        5,
        11,
        14
      ]
    }
  },
  {
    "model": "films.film",
    "pk": 51,
    "fields": {
      "name": "Вратарь Галактики",
      "image": "https://www.kinonews.ru//insimgs/2020/poster/poster94481_1_p.jpg",
      "link": "https://www.kinonews.ru//movie_258740/vratar-galaktiki",
      "rating": 3.28,
      "genres": [
        1,
        14,
        17
      ]
    }
  },
  {
    "model": "films.film",
    "pk": 52,
    "fields": {
      "name": "Капоне. Лицо со шрамом",
      "image": "https://www.kinonews.ru//insimgs/2020/poster/poster93745_1_p.jpg",
      "link": "https://www.kinonews.ru//movie_267726/fonzo",
      "rating": 2.67,
      "genres": [
        2,
        8,
        16
      ]
    }
  },
  {
    "model": "films.film",
    "pk": 53,
    "fields": {
      "name": "Непосредственно Каха!",
      "image": "https://www.kinonews.ru//insimgs/2020/poster/poster92267_1_p.jpg",
      "link": "https://www.kinonews.ru//movie_284760/neposredstvenno-kaha",
      "rating": 2.0,
      "genres": [
        12
      ]
    }
  },
  {
    "model": "films.comment",
    "pk": 1,
    "fields": {
      "film": 1,
      "author": 1,
      "parent": null,
      "email": "",
      "content": "kskcsd",
      "publish": "2021-05-18T23:40:12.045Z",
      "status": true,
      "lft": 1,
      "rght": 4,
      "tree_id": 1,
      "level": 0
    }
  },
  {
    "model": "films.comment",
    "pk": 2,
    "fields": {
      "film": 1,
      "author": 1,
      "parent": 1,
      "email": "",
      "content": "sdclsdc",
      "publish": "2021-05-18T23:40:18.222Z",
      "status": true,
      "lft": 2,
      "rght": 3,
      "tree_id": 1,
      "level": 1
    }
  },
  {
    "model": "films.comment",
    "pk": 3,
    "fields": {
      "film": 1,
      "author": 1,
      "parent": null,
      "email": "",
      "content": "sdc",
      "publish": "2021-06-02T13:31:16.112Z",
      "status": true,
      "lft": 1,
      "rght": 2,
      "tree_id": 2,
      "level": 0
    }
  },
  {
    "model": "films.comment",
    "pk": 4,
    "fields": {
      "film": 1,
      "author": 1,
      "parent": null,
      "email": "",
      "content": "11",
      "publish": "2021-06-06T13:42:14.134Z",
      "status": true,
      "lft": 1,
      "rght": 2,
      "tree_id": 3,
      "level": 0
    }
  },
  {
    "model": "films.comment",
    "pk": 5,
    "fields": {
      "film": 1,
      "author": 1,
      "parent": null,
      "email": "",
      "content": "222",
      "publish": "2021-06-06T13:42:38.363Z",
      "status": true,
      "lft": 1,
      "rght": 2,
      "tree_id": 4,
      "level": 0
    }
  }
]
